Proposal_ID,Sampling_Set,Core_Section,Sample_Name,Bulk_density_g_per_cm3,flag_Bulk_density,Total_Carbon_percent,Total_Nitrogen_percent,Total_Sulfur_percent,flag_TS,flag_TC,flag_TN,Beta_Glucosidase_ug_pNP_per_g_per_h,flag_Beta_Glucosidase,GWC_percent,flag_GWC,HClExtOM_TOC_mg_per_kg,flag_HClExtOM_TOC,HClExtOM_TN_mg_per_kg,flag_HClExtOM_TN,Ca_meq_per_100g,Mg_meq_per_100g,Na_meq_per_100g,K_meq_per_100g,CEC_meq_per_100g,SO4_S_mg_per_kg,B_mg_per_kg,Zn_mg_per_kg,Mn_mg_per_kg,Cu_mg_per_kg,Fe_mg_per_kg,flag_Ca,flag_Mg,flag_Na,flag_K,flag_CEC,flag_SO4S,flag_B,flag_Zn,flag_Mn,flag_Cu,flag_Fe,MBC_mg_per_kg,flag_MBC,MBN_mg_per_kg,flag_MBN,PO4_P_mg_per_kg,flag_P,pH,flag_pH,Sand_percent,Silt_percent,Clay_percent,flag_Texture,WEOM_TOC_mg_per_kg,flag_WEOM_TOC,WEOM_TN_mg_per_kg,flag_WEOM_TN
60846,12,TOP,60846_12_TOP,0.59,,8.18,0.56,0.07,,,,54,,62.47,,2990.54,,152.9,,7.75,0.66,0.18,0.14,46.84,24,0.49,0.5,5.3,0.1,272,,,,,,,,,,,,,Failed_QC,,Failed_QC,,Failed_QC,5.05,,32.9,36,31.2,,76.14,,8.48,
60846,12,BTM,60846_12_BTM,1.05,,1.72,0.1,0.01,,,,,Below_Detection,27.52,,1006.12,,47.97,,6.79,0.61,0.09,0.05,20.1,18,0.6,0.2,8.8,0.2,211,,,,,,,,,,,,,Failed_QC,,Failed_QC,3.01,,4.97,,16.7,38.3,45.1,,51.07,,4.64,
60846,17,TOP,60846_17_TOP,0.81,,3.4,0.16,0,Below_Reporting_Limit,,,17,,29.33,,1744.35,,57.93,,0.68,0.25,0.08,0.07,17.32,13,1.64,0.4,1.6,0.3,625,,,,,,,,,,,,,Failed_QC,,Failed_QC,0.93,,4.63,,30.6,42.3,27.2,,33.54,,1.28,
60846,17,BTM,60846_17_BTM,1.45,,0.48,0.06,0,Below_Reporting_Limit,,,7.8,,18.92,,577.13,,19.5,,0.66,0.43,0.09,0.03,9.46,33,0.82,0.2,2.2,0.3,259,,,,,,,,,,,,,Failed_QC,,Failed_QC,3.82,,4.59,,28.8,36.2,35.1,,12.67,,0.79,
60846,2,TOP,60846_2_TOP,0.85,,7.34,0.3,0.01,,,,15.1,,43,,984.73,,36.99,,1.35,0.58,0.09,0.13,21.21,4,0.53,1.1,2.8,0.2,262,,,,,,,,,,,,,Failed_QC,,Failed_QC,0.13,,4.93,,18.7,47.9,33.4,,43.13,,2.28,
60846,2,BTM,60846_2_BTM,1.39,,0.51,0.09,0.01,,,,4.1,,24.11,,505.72,,32.72,,1,0.54,0.09,0.07,12.29,52,0.02,0.3,0.1,0.3,12,,,,,,,,,,,,,Failed_QC,,Failed_QC,0.78,,4.9,,12.7,40,47.4,,19.15,,1.47,
60846,5,TOP,60846_5_TOP,0.37,,6.26,0.36,0.05,,,,178.4,,253.1,,2143.58,,157.7,,1.38,0.37,0.09,0.08,29.04,24,0.32,0.1,0.9,0.4,196,,,,,,,,,,,,,Failed_QC,,Failed_QC,,Failed_QC,4.79,,,,,Insufficient_material,202.62,,10.83,
60846,5,BTM,60846_5_BTM,0.71,,2.05,0.14,0.01,,,,22.7,,40.01,,1185.26,,48.24,,1.29,0.33,0.11,0.05,11.62,42,2.02,0.7,1.1,0.4,715,,,,,,,,,,,,,Failed_QC,,Failed_QC,1.56,,4.81,,16.7,45.9,37.5,,60.22,,3.25,
60846,7,TOP,60846_7_TOP,0.89,,2.8,0.14,0.01,,,,15.5,,31.99,,1544.35,,64.5,,0.33,0.16,0.01,0.05,18.95,32,1.25,0.6,0.6,0.1,408,,,,,,,,,,,,,Failed_QC,,Failed_QC,0.71,,4.26,,54.6,28,17.4,,58.59,,2.9,
60846,7,BTM,60846_7_BTM,1.18,,0.46,0.08,0,Below_Reporting_Limit,,,,Below_Detection,20.62,,466.84,,20.12,,0.48,0.21,0.02,0.06,10.46,119,0.08,0.01,0.3,0.4,16,,,,,,,,,,,,,Failed_QC,,Failed_QC,,Failed_QC,4.52,,34.7,24,41.4,,22.65,,1.3,
60880,1,TOP,60880_1_TOP,1.45,,2.97,0.27,0.05,,,,215.5,,16.61,,1380.05,,85.04,,19.01,3.16,0.14,0.51,46.31,5,0.17,1.2,9.4,1.1,132,,,,,,,,,,,,,Failed_QC,,Failed_QC,3.41,,5.41,,7.5,22.8,69.7,,82.94,,11.78,
60880,1,BTM,60880_1_BTM,1.53,,,,,Insufficient_material,Insufficient_material,Insufficient_material,,Insufficient_material,16.78,,784.48,,42.61,,,,,,,,,,,,,Insufficient_material,Insufficient_material,Insufficient_material,Insufficient_material,Insufficient_material,Insufficient_material,Insufficient_material,Insufficient_material,Insufficient_material,Insufficient_material,Insufficient_material,,Failed_QC,,Failed_QC,0.5,,5.38,,,,,Insufficient_material,22.66,,2.79,
60880,2,TOP,60880_2_TOP,0.41,,2.58,0.21,0.03,,,,57.1,,23.56,,1056.97,,53.71,,19.84,0.92,0.1,0.29,18.56,5,0.28,0.4,1.4,0.5,23,,,,,,,,,,,,533.47,,20.25,,0.26,,6.61,,45.6,22.1,32.4,,31.06,,3.26,
60880,2,BTM,60880_2_BTM,,Data_not_available,3.37,0.23,0.04,,,,68.9,,19.71,,995.58,,28.22,,21.66,1.18,0.11,0.32,18.57,3,0.25,0.4,1.2,0.4,23,,,,,,,,,,,,459.06,,10.14,,3.35,,7.8,,39.1,26.7,34.3,,16.58,,2.38,
60880,3,TOP,60880_3_TOP,0.15,,,,,Insufficient_material,Insufficient_material,Insufficient_material,,Insufficient_material,19.21,,876.27,,50.09,,,,,,,,,,,,,Insufficient_material,Insufficient_material,Insufficient_material,Insufficient_material,Insufficient_material,Insufficient_material,Insufficient_material,Insufficient_material,Insufficient_material,Insufficient_material,Insufficient_material,76.4,,13.3,,0.2,,5.39,,,,,Insufficient_material,97.46,,8.91,
60880,3,BTM,60880_3_BTM,0.46,,,,,Insufficient_material,Insufficient_material,Insufficient_material,,Insufficient_material,22.96,,915.41,,17.8,,,,,,,,,,,,,Insufficient_material,Insufficient_material,Insufficient_material,Insufficient_material,Insufficient_material,Insufficient_material,Insufficient_material,Insufficient_material,Insufficient_material,Insufficient_material,Insufficient_material,25.16,,3.18,,3.51,,5.49,,,,,Insufficient_material,53.06,,3.58,
60880,4,TOP,60880_4_TOP,1.16,,1.94,0.18,0.02,,,,42.5,,27.71,,996.71,,47.53,,8.35,1.51,0.18,0.2,12.57,7,0.18,0.4,1.2,0.6,155,,,,,,,,,,,,52.28,,10.42,,0.4,,6.28,,,,,Insufficient_material,27.61,,2.08,
60880,4,BTM,60880_4_BTM,1.38,,0.35,0.13,0.02,,,,6.4,,21.54,,501.95,,25.57,,5.62,1.1,0.13,0.14,19.29,57,0.23,0.2,4,0.3,8,,,,,,,,,,,,29.67,,1.46,,0.03,,5.06,,,,,Insufficient_material,9.01,,0.43,
60880,5,TOP,60880_5_TOP,0.6,,8.32,0.67,0.08,,,,237.4,,45.83,,2682.53,,184.16,,39.59,2.12,0.07,0.64,36.07,7,1.86,1.8,1.1,0.5,8,,,,,,,,,,,,246.35,,36.48,,1.78,,7.93,,12.9,39.9,47.2,,64.46,,18.5,
60880,5,BTM,60880_5_BTM,,Data_not_available,,,,Insufficient_material,Insufficient_material,Insufficient_material,,Insufficient_material,,Data_not_available,,Data_not_available,,Data_not_available,,,,,,,,,,,,Insufficient_material,Insufficient_material,Insufficient_material,Insufficient_material,Insufficient_material,Insufficient_material,Insufficient_material,Insufficient_material,Insufficient_material,Insufficient_material,Insufficient_material,,Data_not_available,,Data_not_available,,Data_not_available,8.16,,,,,Insufficient_material,,Data_not_available,,Data_not_available
60880,6,TOP,60880_6_TOP,0.86,,2.63,0.18,0.01,,,,28.8,,13.14,,596.7,,38.67,,1.23,0.42,0.05,0.11,5.15,6,0.13,0.3,10.4,0.3,50,,,,,,,,,,,,84.17,,13.09,,,Failed_QC,7.68,,51.6,24.4,24,,2.96,,0.46,
60880,6,BTM,60880_6_BTM,1.26,,0.78,0.11,0.02,,,,10.7,,17.92,,418.42,,31.35,,1.53,0.69,0.08,0.13,3.48,55,0.14,0.3,4.5,0.3,5,,,,,,,,,,,,28.16,,3.37,,,Failed_QC,5.56,,34.1,16.6,49.3,,0.38,,0.6,
60881,1,TOP,60881_1_TOP,0.9,,1.33,0.17,0.03,,,,81.4,,3.27,,180.83,,28.16,,6.82,0.9,0.02,0.47,9.32,5,0.12,0.3,2.6,0.3,15,,,,,,,,,,,,214.23,,15.17,,17.6,,6.42,,65.9,16.4,17.7,,23.76,,3.12,
60881,1,BTM,60881_1_BTM,1.37,,0.69,0.13,0.01,,,,18.3,,6.35,,1494.74,,14.83,,9.45,0.86,0.02,0.39,10.43,3,0.19,0.2,1,0.2,2,,,,,,,,,,,,163.44,,7.67,,,Failed_QC,7.52,,69.8,12.5,17.8,,182.37,,1.4,
60881,2,TOP,60881_2_TOP,1.02,,2.44,0.28,0.02,,,,132.3,,6.62,,148.02,,30.18,,7.46,1.43,0.03,0.79,13.09,3,0.12,1,5.4,0.5,30,,,,,,,,,,,,235.4,,18.36,,15.75,,6.43,,57.8,20.6,21.7,,16.3,,2.84,
60881,2,BTM,60881_2_BTM,1.35,,0.93,0.15,0.01,,,,29.3,,11.73,,19.52,,9.79,,6.71,1.33,0.02,0.73,9.74,4,0.09,0.1,5.7,0.3,14,,,,,,,,,,,,90.02,,5.9,,12.12,,6.85,,61.7,16.6,21.7,,4.2,,0.89,
60881,3,TOP,60881_3_TOP,1.08,,1.64,0.21,0.02,,,,63.2,,6.04,,151.12,,25.87,,7.42,1.61,0.05,1.21,12.43,3,0.13,0.3,5,0.5,21,,,,,,,,,,,,188.63,,16.45,,35.09,,6.58,,59.9,20.5,19.7,,19.88,,2.66,
60881,3,BTM,60881_3_BTM,1.37,,0.79,0.17,0.01,,,,14.3,,13.38,,120.44,,16.5,,10.38,3.78,0.16,0.8,17.5,3,0.17,0.2,4,0.3,5,,,,,,,,,,,,185.21,,6.12,,0.26,,7.26,,49.9,18.6,31.6,,16.14,,1.56,
60881,4,TOP,60881_4_TOP,0.96,,2.15,0.27,0.02,,,,84.6,,7.41,,448.81,,44.99,,8.47,2.15,0.03,1.02,12.96,9,0.16,0.4,8.3,0.5,22,,,,,,,,,,,,201.72,,18.85,,16.82,,6.47,,59.5,16.9,23.7,,75.03,,7.67,
60881,4,BTM,60881_4_BTM,1.33,,0.93,0.16,0.01,,,,20,,15.3,,258.84,,21.05,,13.59,4.32,0.04,0.94,20.64,8,0.36,0.2,2.6,0.3,3,,,,,,,,,,,,81.27,,6.8,,0.77,,7.11,,49.7,14.7,35.7,,17.55,,1.67,
60881,5,TOP,60881_5_TOP,0.87,,2.08,0.25,0.02,,,,79.9,,9.65,,380.04,,33.09,,7.66,2.11,0.03,0.8,14.58,4,0.14,0.4,7.7,0.5,22,,,,,,,,,,,,161.49,,12.46,,12.17,,6.7,,55.9,18.6,25.6,,26.72,,2.31,
60881,5,BTM,60881_5_BTM,1.22,,1.18,0.18,0.02,,,,38.1,,18.33,,236.11,,22.03,,17.41,6.33,0.08,0.99,30.02,6,0.55,0.4,3.1,0.4,3,,,,,,,,,,,,149.58,,6.27,,0.3,,7.25,,38,16.5,45.6,,24.86,,1.95,
60881,6,TOP,60881_6_TOP,1.02,,1.78,0.24,0.02,,,,91.9,,8.38,,436.96,,40.41,,7.65,2.02,0.01,0.97,13.68,9,0.18,0.4,14.5,0.5,24,,,,,,,,,,,,175.41,,31.18,,13.19,,6.47,,60,18.1,22,,97.57,,17.67,
60881,6,BTM,60881_6_BTM,1.41,,0.8,0.16,0,Below_Reporting_Limit,,,28.8,,13.39,,297.15,,23.74,,14.26,4.46,0.01,0.89,19.78,5,0.56,0.6,3.3,0.5,2,,,,,,,,,,,,190.95,,7.06,,2.89,,7.14,,52.1,16,32,,20.09,,7.96,
60886,1,TOP,60886_1_TOP,0.99,,2.3,0.21,0.04,,,,131.7,,10.95,,566.15,,46.94,,12.6,2.23,0.14,0.28,12.38,4,0.18,1,6.7,0.7,33,,,,,,,,,,,,61.84,,13.22,,,Failed_QC,6.06,,12.4,56.6,30.9,,34.91,,7.2,
60886,1,BTM,60886_1_BTM,1.44,,1.37,0.16,0.02,,,,23,,15.19,,452.54,,36.1,,12.28,2.61,0.21,0.19,14.08,2,0.08,0.2,2.2,0.9,26,,,,,,,,,,,,9.41,,2.22,,5.85,,6.88,,10.3,53.8,35.9,,14.13,,1.23,
60886,2,TOP,60886_2_TOP,1.1,,2.14,0.2,0.04,,,,113.2,,11.79,,664.89,,60.33,,12.57,2.02,0.12,0.23,14.73,3,0.09,0.7,5.8,0.7,37,,,,,,,,,,,,69.1,,15.44,,0.14,,6.55,,12.5,56.5,31,,35.57,,8.42,
60886,2,BTM,60886_2_BTM,0.95,,1.48,0.14,0.03,,,,21.4,,11.94,,435.15,,31.82,,11.89,2.2,0.18,0.18,12.19,1,0.03,0.3,6.6,0.7,25,,,,,,,,,,,,8.16,,1.72,,10.77,,6.87,,11.6,56.1,32.4,,11.35,,1.19,
60886,3,TOP,60886_3_TOP,1.08,,2.26,0.23,0.03,,,,87.1,,13.38,,773.26,,71.97,,11.58,2.35,0.15,0.29,13.24,3,0.1,1.3,9.8,0.8,52,,,,,,,,,,,,28.92,,5.79,,0.21,,6.56,,13.6,54.8,31.5,,32.59,,7.52,
60886,3,BTM,60886_3_BTM,1.2,,1.3,0.14,0.02,,,,16.6,,17.94,,812.21,,69.43,,14.4,3.86,0.36,0.26,19.33,4,0.05,0.1,0.4,1.1,35,,,,,,,,,,,,13.49,,2,,0.36,,6.77,,11.5,46.2,42.4,,32.88,,1.61,
60886,4,TOP,60886_4_TOP,1.05,,2.43,0.22,0.03,,,,96.6,,10.25,,747.13,,81.19,,10.76,2.08,0.11,0.29,13.81,4,0.13,1.2,11.2,0.8,55,,,,,,,,,,,,45.73,,8.8,,,Failed_QC,6.46,,13.1,56.5,30.3,,45.12,,10.55,
60886,4,BTM,60886_4_BTM,1.27,,1.53,0.15,0.02,,,,12.7,,16.03,,413.86,,20.66,,12,2.79,0.19,0.23,15.67,3,0.08,0.1,1.1,1,42,,,,,,,,,,,,11.52,,1.8,,0.6,,6.86,,11.3,49.8,38.9,,13.31,,0.96,
60886,5,TOP,60886_5_TOP,1.07,,2.11,0.21,0.03,,,,90.8,,10.6,,581.73,,51.46,,12.41,1.96,0.15,0.27,15.29,4,0.16,1,8,0.8,39,,,,,,,,,,,,16.09,,3.84,,0.05,,6.42,,10.3,57.8,32,,30.85,,6.04,
60886,5,BTM,60886_5_BTM,1.25,,1.33,0.14,0.02,,,,12.4,,14.47,,411.2,,24.9,,13.68,2.96,0.34,0.25,17.49,2,0.01,0.1,0.4,0.9,26,,,,,,,,,,,,10.88,,1.85,,4.1,,7.04,,8.1,50.2,41.7,,24.39,,1.69,
60886,6,TOP,60886_6_TOP,1.03,,2.62,0.21,0.02,,,,80.6,,28.09,,321.97,,37.66,,10.97,1.95,0.11,0.35,14.34,4,0.12,1,9.9,0.9,52,,,,,,,,,,,,63.99,,14.02,,1.05,,5.74,,13.6,56.1,30.4,,26.86,,6.06,
60886,6,BTM,60886_6_BTM,1.3,,1.37,0.13,0.02,,,,14,,19.84,,244.03,,21.44,,14.23,3.25,0.32,0.19,21.37,2,0.05,0.1,3.9,0.9,24,,,,,,,,,,,,16.92,,4.46,,0.35,,5.99,,6.8,51.6,41.6,,14.82,,1.92,
60920,1,TOP,60920_1_TOP,,Data_not_available,,,,Insufficient_material,Insufficient_material,Insufficient_material,,Insufficient_material,398.59,,13428.69,,634.73,,,,,,,,,,,,,Insufficient_material,Insufficient_material,Insufficient_material,Insufficient_material,Insufficient_material,Insufficient_material,Insufficient_material,Insufficient_material,Insufficient_material,Insufficient_material,Insufficient_material,758.2,,103.19,,,Failed_QC,4.89,,,,,Insufficient_material,731.44,,39.28,
60920,1,BTM,60920_1_BTM,0.98,,6.82,0.27,0.04,,,,,Insufficient_material,45.4,,3812.2,,154.99,,0.81,0.31,0.1,0.11,14.5,6,1.25,1.2,2.1,3.9,905,,,,,,,,,,,,76.37,,12.3,,,Failed_QC,5.81,,,,,In_queue,49.73,,3.97,
60920,10,TOP,60920_10_TOP,0.28,,,,,Insufficient_material,Insufficient_material,Insufficient_material,,Insufficient_material,97.06,,3747.94,,215.37,,,,,,,,,,,,,Insufficient_material,Insufficient_material,Insufficient_material,Insufficient_material,Insufficient_material,Insufficient_material,Insufficient_material,Insufficient_material,Insufficient_material,Insufficient_material,Insufficient_material,557.15,,95.55,,13.66,,6.31,,,,,Insufficient_material,133.89,,9.63,
60920,10,BTM,60920_10_BTM,,Insufficient_material,,,,Insufficient_material,Insufficient_material,Insufficient_material,,Insufficient_material,,Insufficient_material,,Insufficient_material,,Insufficient_material,,,,,,,,,,,,Insufficient_material,Insufficient_material,Insufficient_material,Insufficient_material,Insufficient_material,Insufficient_material,Insufficient_material,Insufficient_material,Insufficient_material,Insufficient_material,Insufficient_material,,Insufficient_material,,Insufficient_material,,Insufficient_material,,Insufficient_material,,,,Insufficient_material,,Insufficient_material,,Insufficient_material
60920,11,TOP,60920_11_TOP,,Data_not_available,23.16,1.59,0.21,,,,,Insufficient_material,174.48,,9964.6,,1418.18,,3.74,0.13,0.27,0.14,5.23,29,0.08,4.5,155.5,4.4,292,,,,,,,,,,,,597.96,,172.95,,,Failed_QC,5.03,,,,,In_queue,1474.58,,271.68,
60920,11,BTM,60920_11_BTM,,Insufficient_material,,,,Insufficient_material,Insufficient_material,Insufficient_material,,Insufficient_material,,Insufficient_material,,Insufficient_material,,Insufficient_material,,,,,,,,,,,,Insufficient_material,Insufficient_material,Insufficient_material,Insufficient_material,Insufficient_material,Insufficient_material,Insufficient_material,Insufficient_material,Insufficient_material,Insufficient_material,Insufficient_material,,Insufficient_material,,Insufficient_material,,Insufficient_material,,Insufficient_material,,,,Insufficient_material,,Insufficient_material,,Insufficient_material
60920,12,TOP,60920_12_TOP,,Insufficient_material,,,,Insufficient_material,Insufficient_material,Insufficient_material,,Insufficient_material,,Insufficient_material,,Insufficient_material,,Insufficient_material,,,,,,,,,,,,Insufficient_material,Insufficient_material,Insufficient_material,Insufficient_material,Insufficient_material,Insufficient_material,Insufficient_material,Insufficient_material,Insufficient_material,Insufficient_material,Insufficient_material,,Insufficient_material,,Insufficient_material,,Insufficient_material,,Insufficient_material,,,,Insufficient_material,,Insufficient_material,,Insufficient_material
60920,12,BTM,60920_12_BTM,,Insufficient_material,,,,Insufficient_material,Insufficient_material,Insufficient_material,,Insufficient_material,,Insufficient_material,,Insufficient_material,,Insufficient_material,,,,,,,,,,,,Insufficient_material,Insufficient_material,Insufficient_material,Insufficient_material,Insufficient_material,Insufficient_material,Insufficient_material,Insufficient_material,Insufficient_material,Insufficient_material,Insufficient_material,,Insufficient_material,,Insufficient_material,,Insufficient_material,,Insufficient_material,,,,Insufficient_material,,Insufficient_material,,Insufficient_material
60920,2,TOP,60920_2_TOP,,Data_not_available,,,,Insufficient_material,Insufficient_material,Insufficient_material,,Insufficient_material,147.91,,5593.05,,230.47,,,,,,,,,,,,,Insufficient_material,Insufficient_material,Insufficient_material,Insufficient_material,Insufficient_material,Insufficient_material,Insufficient_material,Insufficient_material,Insufficient_material,Insufficient_material,Insufficient_material,398.4,,59.39,,,Failed_QC,4.9,,,,,Insufficient_material,170.17,,6.09,
60920,2,BTM,60920_2_BTM,1.01,,6.53,0.26,0.03,,,,,Insufficient_material,35.28,,5555.97,,190.57,,0.86,0.37,0.11,0.1,12.55,4,1.05,1.7,2.1,3.8,747,,,,,,,,,,,,75.8,,10.12,,,Failed_QC,5.26,,,,,In_queue,39.07,,1.91,
60920,3,TOP,60920_3_TOP,,Data_not_available,,,,Insufficient_material,Insufficient_material,Insufficient_material,,Insufficient_material,596.31,,19751.85,,1081.28,,,,,,,,,,,,,Insufficient_material,Insufficient_material,Insufficient_material,Insufficient_material,Insufficient_material,Insufficient_material,Insufficient_material,Insufficient_material,Insufficient_material,Insufficient_material,Insufficient_material,1067.34,,168.86,,,Failed_QC,4.81,,,,,Insufficient_material,951.52,,64.52,
60920,3,BTM,60920_3_BTM,0.44,,10.64,0.74,0.11,,,,,Insufficient_material,60.58,,2585.64,,219.64,,0.78,0.28,0.1,0.08,24.6,6,0.48,0.2,4.1,5.9,356,,,,,,,,,,,,78.69,,13.37,,1.41,,5.2,,,,,Insufficient_material,84.61,,6.08,
60920,4,TOP,60920_4_TOP,,Data_not_available,,,,Insufficient_material,Insufficient_material,Insufficient_material,,Insufficient_material,413.47,,7354.17,,626.09,,,,,,,,,,,,,Insufficient_material,Insufficient_material,Insufficient_material,Insufficient_material,Insufficient_material,Insufficient_material,Insufficient_material,Insufficient_material,Insufficient_material,Insufficient_material,Insufficient_material,798.61,,131.27,,1.49,,4.83,,,,,In_queue,702.49,,43.25,
60920,4,BTM,60920_4_BTM,0.54,,10.85,0.51,0.07,,,,,Insufficient_material,31.8,,2555.86,,201.46,,0.76,0.31,0.11,0.06,14.8,3,0.41,0.2,6.4,5.7,337,,,,,,,,,,,,51.42,,10.45,,0.74,,5.71,,,,,Insufficient_material,47.21,,4.15,
60920,5,TOP,60920_5_TOP,,Data_not_available,,,,Insufficient_material,Insufficient_material,Insufficient_material,,Insufficient_material,100.1,,6984.77,,356.64,,,,,,,,,,,,,Insufficient_material,Insufficient_material,Insufficient_material,Insufficient_material,Insufficient_material,Insufficient_material,Insufficient_material,Insufficient_material,Insufficient_material,Insufficient_material,Insufficient_material,244.83,,46.26,,,Failed_QC,5.67,,,,,Insufficient_material,90.16,,4.34,
60920,5,BTM,60920_5_BTM,0.21,,,,,Insufficient_material,Insufficient_material,Insufficient_material,,Insufficient_material,184.62,,10569.44,,376.71,,,,,,,,,,,,,Insufficient_material,Insufficient_material,Insufficient_material,Insufficient_material,Insufficient_material,Insufficient_material,Insufficient_material,Insufficient_material,Insufficient_material,Insufficient_material,Insufficient_material,278.37,,47.45,,,Failed_QC,5.54,,,,,Insufficient_material,121.49,,7.38,
60920,6,TOP,60920_6_TOP,,Data_not_available,24.15,1.3,0.21,,,,,Insufficient_material,295.37,,5702.42,,307,,43.33,3.69,0.31,0.48,1.63,32,0.41,11.3,14.2,2.4,140,,,,,,,,,,,,1213.28,,165.83,,0.33,,6.8,,,,,Insufficient_material,155.65,,14.02,
60920,6,BTM,60920_6_BTM,0.4,,,,,Insufficient_material,Insufficient_material,Insufficient_material,,Insufficient_material,157.09,,5324.78,,261.45,,,,,,,,,,,,,Insufficient_material,Insufficient_material,Insufficient_material,Insufficient_material,Insufficient_material,Insufficient_material,Insufficient_material,Insufficient_material,Insufficient_material,Insufficient_material,Insufficient_material,666.57,,79.38,,,Failed_QC,7.3,,,,,Insufficient_material,115.2,,8.82,
60920,7,TOP,60920_7_TOP,0.85,,15.12,0.88,0.09,,,,,Insufficient_material,83.12,,1652.56,,40.94,,30.98,2.77,0.08,0.12,39.4,17,0.25,5.1,8.5,1.5,55,,,,,,,,,,,,98.7,,9.66,,,Failed_QC,7.1,,,,,In_queue,665.89,,1.35,
60920,7,BTM,60920_7_BTM,,Insufficient_material,,,,Insufficient_material,Insufficient_material,Insufficient_material,,Insufficient_material,,Insufficient_material,,Insufficient_material,,Insufficient_material,,,,,,,,,,,,Insufficient_material,Insufficient_material,Insufficient_material,Insufficient_material,Insufficient_material,Insufficient_material,Insufficient_material,Insufficient_material,Insufficient_material,Insufficient_material,Insufficient_material,,Insufficient_material,,Insufficient_material,,Insufficient_material,,Insufficient_material,,,,Insufficient_material,,Insufficient_material,,Insufficient_material
60920,8,TOP,60920_8_TOP,0.85,,1.48,0.09,0.01,,,,,Insufficient_material,36.42,,1048.74,,38.85,,0.74,0.28,0.06,0.11,7.45,4,0.19,1,37,1.7,227,,,,,,,,,,,,151.9,,16.06,,1.14,,5.28,,,,,Insufficient_material,89.86,,0.79,
60920,8,BTM,60920_8_BTM,2.62,,1.55,0.11,0.01,,,,,Insufficient_material,23.11,,1068.44,,41.42,,0.65,0.22,0.15,0.08,5.85,1,0.22,0.5,1.8,1.6,247,,,,,,,,,,,,59.84,,8.65,,1.78,,5.52,,,,,In_queue,25.29,,0.8,
60920,9,TOP,60920_9_TOP,1.12,,2.3,0.14,0.02,,,,,Insufficient_material,25.42,,727.76,,37.51,,0.7,0.22,0.07,0.08,9.29,2,0.3,0.3,4.4,2.5,383,,,,,,,,,,,,57.92,,9.39,,0.62,,5.68,,,,,Insufficient_material,34.14,,1.21,
60920,9,BTM,60920_9_BTM,0.89,,2.43,0.14,0.02,,,,,Insufficient_material,27.3,,834.21,,35.16,,0.45,0.17,0.04,0.08,9.5,2,0.23,0.6,6.4,2.3,298,,,,,,,,,,,,62.51,,10.72,,0.13,,5.85,,,,,In_queue,16.81,,1.12,
60921,1,TOP,60921_1_TOP,0.78,,4.12,0.22,0,Below_Reporting_Limit,,,66.6,,27.85,,208.93,,10.33,,3.57,1.3,0.04,0.61,30.23,3,0.02,0.1,16,0.2,21,,,,,,,,,,,,365.45,,22.57,,6.16,,6.23,,41.9,32.2,25.9,,26.77,,1.13,
60921,1,BTM,60921_1_BTM,1.3,,3.16,0.18,0.01,,,,21.9,,20.95,,217.28,,10.8,,1.37,0.35,0.05,0.22,25.17,4,0.08,0.1,18.4,0.2,26,,,,,,,,,,,,329.24,,20.72,,0.78,,5.79,,36.2,32.2,31.6,,26.94,,1.49,
60921,2,TOP,60921_2_TOP,0.72,,5.82,0.25,0.02,,,,111.4,,41,,3092.35,,107.46,,7.21,0.95,0.05,0.8,40.76,5,0.01,0.8,22.2,0.4,46,,,,,,,,,,,,467.17,,49.82,,41.14,,5.92,,41.8,32.3,25.9,,40.75,,1.94,
60921,2,BTM,60921_2_BTM,1.3,,2.2,0.17,0.01,,,,27.4,,22.81,,2448.51,,71.29,,2.14,0.34,0.03,0.52,29.13,2,0.08,0.2,4.9,0.2,24,,,,,,,,,,,,132.38,,20.05,,11.55,,6.12,,43.9,28.3,27.9,,11.68,,0.59,
60921,3,TOP,60921_3_TOP,0.65,,,,,Insufficient_material,Insufficient_material,Insufficient_material,,Insufficient_material,69.75,,1205.34,,63.74,,,,,,,,,,,,,Insufficient_material,Insufficient_material,Insufficient_material,Insufficient_material,Insufficient_material,Insufficient_material,Insufficient_material,Insufficient_material,Insufficient_material,Insufficient_material,Insufficient_material,250.53,,30.82,,33.54,,5.57,,,,,Insufficient_material,84.18,,2.28,
60921,3,BTM,60921_3_BTM,0.83,,,,,Insufficient_material,Insufficient_material,Insufficient_material,,Insufficient_material,130.54,,2505.7,,98.15,,,,,,,,,,,,,Insufficient_material,Insufficient_material,Insufficient_material,Insufficient_material,Insufficient_material,Insufficient_material,Insufficient_material,Insufficient_material,Insufficient_material,Insufficient_material,Insufficient_material,1439.99,,86.94,,13.05,,4.92,,,,,Insufficient_material,813.16,,20.47,
60921,4,TOP,60921_4_TOP,0.75,,6.41,0.21,0.02,,,,144.8,,55.86,,1577.75,,79.83,,6.05,1.35,0.09,0.62,27.56,5,0.02,0.9,41.3,0.3,57,,,,,,,,,,,,173.9,,17.21,,8.74,,5.97,,,,,Insufficient_material,35.39,,1.45,
60921,4,BTM,60921_4_BTM,2,,1.26,0.13,0.01,,,,13,,35.72,,949.74,,52.88,,2.57,1.07,0.07,0.48,15.97,6,0.02,0.2,10.1,0.2,20,,,,,,,,,,,,60.63,,6.36,,1,,6.16,,,,,Insufficient_material,6.64,,0.3,
60923,1,TOP,60923_1_TOP,0.79,,9.41,0.22,0.16,,,,134.2,,17.26,,1059.47,,56.13,,29.71,1.01,0.13,1.25,28.47,3,1.14,0.5,0.9,1.5,5,,,,,,,,,,,,422.15,,14.4,,1.36,,8.19,,15.4,24.55,60.05,,37.11,,12.16,
60923,1,BTM,60923_1_BTM,0.76,,9.16,0.15,0.16,,,,19.3,,18.97,,1293.09,,43.24,,29.09,0.8,0.16,0.53,28.33,2,1.38,0.1,2.6,1.9,8,,,,,,,,,,,,179.42,,5.69,,0.06,,8.22,,13.4,22.55,64.05,,29.01,,7.78,
60923,10,TOP,60923_10_TOP,1.16,,1.48,0.22,0,Below_Reporting_Limit,,,51.6,,19.65,,238.8,,31.04,,11.17,1.75,0.03,0.3,17.4,5,0.11,0.3,1.7,0.4,14,,,,,,,,,,,,37.91,,7.42,,0.23,,6.56,,12.3,57.7,30,,22.54,,2.53,
60923,10,BTM,60923_10_BTM,1.35,,1.07,0.17,0,Below_Reporting_Limit,,,16.6,,22.92,,192.01,,19.57,,12.47,2.57,0.13,0.12,24.01,20,0.46,1.7,31.5,1.3,17,,,,,,,,,,,,9.74,,1.76,,4.07,,6.7,,10.5,48,41.6,,38.78,,2.32,
60923,11,TOP,60923_11_TOP,1.17,,1.44,0.2,0.01,,,,45.4,,23.14,,208.04,,24.63,,10.2,2.03,0.03,0.35,18.3,34,2.42,2,15.8,0.7,5,,,,,,,,,,,,6.68,,3,,,Failed_QC,6.59,,12.5,56,31.6,,30.75,,3.7,
60923,11,BTM,60923_11_BTM,0.97,,0.96,0.17,0,Below_Reporting_Limit,,,12.6,,29.42,,194.96,,20.27,,16.44,3.86,0.26,0.19,38.88,6,0.14,0.5,2,0.7,39,,,,,,,,,,,,9.77,,1.49,,2.73,,6.87,,8.5,38,53.6,,37.6,,2.77,
60923,12,TOP,60923_12_TOP,1.12,,1.61,0.21,0.01,,,,64.8,,20.16,,349.14,,36.47,,11.73,2.35,0.04,0.31,25.71,5,0.07,0.3,1.3,0.5,21,,,,,,,,,,,,17.85,,3.7,,0.7,,6.64,,12.5,54,33.6,,36.8,,3.44,
60923,12,BTM,60923_12_BTM,1.1,,1.03,0.15,0.01,,,,13.4,,30.04,,303.75,,21.95,,15.49,3.81,0.34,0.14,44.01,4,0.1,0.4,2.1,0.4,30,,,,,,,,,,,,6.17,,,Below_Detection,7.17,,6.8,,8.5,38,53.6,,53.17,,2.65,
60923,13,TOP,60923_13_TOP,1.18,,1.43,0.18,0,Below_Reporting_Limit,,,60.9,,24.26,,272.49,,32.23,,10.4,2.04,0.05,0.21,20.48,8,0.05,0.3,1.7,0.5,14,,,,,,,,,,,,28.76,,11.17,,,Failed_QC,6.62,,12.6,55.9,31.6,,29.79,,3.62,
60923,13,BTM,60923_13_BTM,1.27,,1.07,0.16,0,Below_Reporting_Limit,,,11.1,,30.97,,340.42,,23.4,,13.51,3.5,0.39,0.12,45.8,4,0.13,0.5,2.6,0.5,18,,,,,,,,,,,,28.11,,2.96,,9.23,,6.61,,10.6,38,51.5,,45.57,,2.64,
60923,14,TOP,60923_14_TOP,0.99,,1.3,0.17,0.01,,,,28.3,,14.35,,175.5,,23.97,,11.77,2.19,0.08,0.25,17.87,5,0.14,0.5,2.6,0.4,18,,,,,,,,,,,,42.67,,8.27,,0.23,,7.07,,12.7,56,31.4,,25.85,,4.21,
60923,14,BTM,60923_14_BTM,0.91,,1.01,0.16,0.01,,,,10.2,,30.7,,301.53,,22.51,,16.18,4.39,0.35,0.19,33.9,7,0.06,0.3,1.7,0.5,11,,,,,,,,,,,,20.03,,2.05,,8.55,,6.78,,8.7,40,51.4,,31.57,,2.29,
60923,15,TOP,60923_15_TOP,1.05,,3.24,0.28,0.02,,,,34,,19.15,,138.44,,9.05,,11.02,2.87,0.05,0.29,27.72,4,0.38,2.1,9.3,0.8,159,,,,,,,,,,,,73.02,,14.91,,0.09,,5.56,,12.7,50.2,37.1,,43.56,,5.11,
60923,15,BTM,60923_15_BTM,1.26,,3.16,0.26,0.02,,,,23,,18.56,,126.67,,10.6,,14.15,4.35,0.05,0.11,28.17,4,0.4,2,2.3,0.7,97,,,,,,,,,,,,40.16,,8.41,,19.94,,6.24,,12.5,48.3,39.2,,27.31,,3.62,
60923,16,TOP,60923_16_TOP,1.02,,3.58,0.29,0.02,,,,54.2,,18.86,,94.99,,6.94,,8.07,2.9,0.03,0.27,28.2,7,0.79,2.2,16.5,0.8,278,,,,,,,,,,,,161.75,,30.92,,0.16,,5.54,,28.6,40.3,31.1,,44.41,,4.45,
60923,16,BTM,60923_16_BTM,1.22,,2.96,0.26,0.02,,,,21.2,,17.09,,117.91,,4.86,,13.5,3.85,0.02,0.13,25.34,3,0.32,1.9,3,0.8,66,,,,,,,,,,,,34.87,,4.59,,7.35,,6.44,,12.8,48.2,39.1,,23.67,,2.86,
60923,17,TOP,60923_17_TOP,1,,3.99,0.32,0.03,,,,51.3,,25.29,,62.41,,7.44,,14.16,3.98,0.03,0.37,33.52,4,0.27,2.5,3.6,0.8,102,,,,,,,,,,,,55.76,,14.28,,0.2,,6.13,,14.8,44.2,41.1,,31.3,,4.12,
60923,17,BTM,60923_17_BTM,1.12,,4.05,0.32,0.03,,,,28.2,,23.34,,161.67,,10.43,,20.04,5.39,0.04,0.14,41.29,2,0.39,1.8,2,1.3,90,,,,,,,,,,,,21.93,,7.24,,4.45,,6.24,,14.5,42.4,43.2,,36.71,,4.32,
60923,18,TOP,60923_18_TOP,1.15,,3.08,0.24,0.02,,,,56.5,,21.3,,104.3,,6.17,,8.76,3.12,0.06,0.58,23.29,5,0.33,1.8,7.5,0.7,108,,,,,,,,,,,,95.82,,28.99,,,Failed_QC,5.96,,16.5,46.4,37.2,,36.05,,4.44,
60923,18,BTM,60923_18_BTM,1.49,,2.12,0.18,0.01,,,,14.8,,17.18,,108.42,,9.94,,13.33,4.17,0.03,0.11,27.51,5,0.25,0.9,1.4,0.6,48,,,,,,,,,,,,25.65,,7.04,,14.82,,6.39,,16.7,44.3,39.1,,24.9,,2.58,
60923,19,TOP,60923_19_TOP,1.17,,3.44,0.3,0.02,,,,60.7,,23.7,,126.61,,13.88,,12.91,4.33,0.04,0.44,34.6,3,0.3,1.6,3.9,1,103,,,,,,,,,,,,49.46,,14.53,,0.33,,6.07,,14.7,44.3,41,,34.38,,4.61,
60923,19,BTM,60923_19_BTM,1.16,,2.41,0.19,0.03,,,,15.2,,18.02,,101.08,,8.93,,17.09,5.66,0.04,0.16,27.76,5,0.41,0.9,1.2,1,30,,,,,,,,,,,,15.84,,6.74,,14.24,,6.53,,12.7,44.3,43.1,,19.49,,2.38,
60923,2,TOP,60923_2_TOP,0.68,,7.62,0.19,0.16,,,,85.1,,24.01,,1192.36,,50.33,,34.89,1.38,0.11,1.11,33.3,5,1.27,0.5,1,0.5,9,,,,,,,,,,,,380.35,,9.32,,1.83,,8.35,,10.2,20.5,69.3,,22.65,,4.29,
60923,2,BTM,60923_2_BTM,0.9,,,,,Insufficient_material,Insufficient_material,Insufficient_material,,Insufficient_material,16.15,,1222.52,,49.76,,,,,,,,,,,,,Insufficient_material,Insufficient_material,Insufficient_material,Insufficient_material,Insufficient_material,Insufficient_material,Insufficient_material,Insufficient_material,Insufficient_material,Insufficient_material,Insufficient_material,350.49,,4.06,,,Failed_QC,7.76,,,,,Insufficient_material,21.06,,1.86,
60923,20,TOP,60923_20_TOP,1.06,,3.74,0.29,0.02,,,,66.3,,21.79,,95.62,,7.32,,10.85,4.16,0.02,0.51,33.28,5,0.26,1.7,5.9,0.9,99,,,,,,,,,,,,44.17,,9.98,,0.66,,6.02,,12.5,46.5,41.1,,40.34,,4.9,
60923,20,BTM,60923_20_BTM,1.2,,2.26,0.21,0.02,,,,26.9,,18.82,,76.67,,11.45,,18.17,6.71,0.01,0.13,37.03,4,0.32,1.2,1.7,0.8,23,,,,,,,,,,,,25.04,,4.98,,85.38,,6.63,,12.7,42.3,45,,22.22,,2.56,
60923,21,TOP,60923_21_TOP,1.05,,3.38,0.31,0.03,,,,59,,21.25,,151.82,,20.44,,13.27,4.27,0.02,0.54,28.57,5,0.28,1.8,4.4,0.9,96,,,,,,,,,,,,71.88,,16.33,,1.01,,6.11,,14.7,44.3,41.1,,41.17,,9.77,
60923,21,BTM,60923_21_BTM,1.07,,2.99,0.28,0.02,,,,17.9,,19.71,,126.33,,12.4,,17.9,6.11,0.04,0.23,33.52,2,0.32,0.6,1.1,1.3,25,,,,,,,,,,,,12.94,,3.95,,3.85,,6.72,,14.5,42.5,43.1,,17.62,,2.19,
60923,3,TOP,60923_3_TOP,0.77,,9.7,0.24,0.17,,,,117.4,,20.43,,1734.78,,106.07,,31.56,0.94,0.12,1.22,32.14,8,0.96,0.5,3,0.2,5,,,,,,,,,,,,229.92,,15.56,,1.25,,8.23,,15.6,24.4,60.1,,32.79,,15.45,
60923,3,BTM,60923_3_BTM,0.75,,8.49,0.16,0.15,,,,,Insufficient_material,13.66,,1322.07,,73.03,,33.07,0.89,0.13,0.72,29.85,10,0.99,0.1,3.3,0.2,6,,,,,,,,,,,,37.5,,5.34,,0.01,,8.3,,,,,Insufficient_material,24.05,,5.22,
60923,4,TOP,60923_4_TOP,0.68,,8.53,0.19,0.17,,,,87.4,,22.57,,1597.65,,62.7,,32.17,1.15,0.13,1.02,31.7,12,0.81,0.2,1.9,0.2,5,,,,,,,,,,,,69.07,,9.16,,1.56,,8.14,,15.5,22.3,62.3,,18.32,,5.69,
60923,4,BTM,60923_4_BTM,0.71,,8.13,0.16,0.15,,,,,Insufficient_material,17.47,,1531.97,,89.82,,32.32,0.88,0.13,0.69,31.24,5,1.15,0.1,2.8,0.5,7,,,,,,,,,,,,234.57,,4.4,,0.58,,8.24,,,,,Insufficient_material,19.58,,3.53,
60923,5,TOP,60923_5_TOP,0.64,,8.5,0.18,0.18,,,,89.8,,23.04,,1476.85,,65.71,,34.35,1.04,0.13,1.33,33.29,9,0.79,0.4,1.8,0.2,3,,,,,,,,,,,,,Failed_QC,,Failed_QC,2.16,,8.17,,15.5,22.2,62.3,,26.13,,8.38,
60923,5,BTM,60923_5_BTM,0.88,,7.71,0.11,0.16,,,,14.2,,17.53,,1230.57,,47.18,,34.92,0.94,0.14,0.8,30,8,1.02,0.1,4.9,0.3,7,,,,,,,,,,,,,Failed_QC,,Failed_QC,,Failed_QC,8.15,,,,,Insufficient_material,66.38,,4.82,
60923,6,TOP,60923_6_TOP,0.72,,7.48,0.19,0.15,,,,,Insufficient_material,23.08,,1035.39,,52.18,,43.94,1.19,0.14,1.11,33.69,7,0.78,0.2,2.8,0.4,7,,,,,,,,,,,,,Failed_QC,,Failed_QC,0.95,,8.35,,,,,Insufficient_material,66.8,,2.94,
60923,6,BTM,60923_6_BTM,0.63,,6.54,0.15,0.13,,,,,Insufficient_material,22.42,,622.77,,35.04,,43.81,1.04,0.15,0.79,42.36,6,0.73,0.1,1.6,0.3,8,,,,,,,,,,,,,Failed_QC,,Failed_QC,0.02,,8.3,,,,,Insufficient_material,18.55,,1.19,
60923,7,TOP,60923_7_TOP,0.71,,8.05,0.17,0.15,,,,56.3,,19.32,,286.16,,16.14,,36.22,1.03,0.13,0.91,31.97,8,0.91,0.2,1.4,0.5,5,,,,,,,,,,,,,Failed_QC,,Failed_QC,4.04,,8.39,,3.6,25.6,70.9,,14.49,,8.09,
60923,7,BTM,60923_7_BTM,0.73,,7.35,0.18,0.15,,,,18.1,,24.38,,197.55,,13.68,,40.54,0.99,0.13,0.8,34.13,2,1.36,0.3,1.7,1.6,11,,,,,,,,,,,,,Failed_QC,,Failed_QC,0.35,,8.21,,2.8,15.1,82.1,,9.08,,24.2,
60923,8,TOP,60923_8_TOP,1.33,,1.48,0.2,0.01,,,,42.3,,23.02,,261.94,,31.86,,11.06,1.59,0.03,0.3,19,4,0.11,0.4,3.3,0.5,18,,,,,,,,,,,,32.89,,7.72,,0.48,,6.57,,12.2,57.7,30.1,,31.69,,2.95,
60923,8,BTM,60923_8_BTM,1.35,,1.18,0.18,0.01,,,,18,,23.14,,241.29,,26.86,,11.81,2.35,0.09,0.13,21.85,5,0.12,0.4,2.6,0.5,25,,,,,,,,,,,,9.64,,0.95,,4.87,,6.79,,10.3,55.7,34.1,,31.76,,1.62,
60923,9,TOP,60923_9_TOP,1.13,,1.35,0.2,0.01,,,,28.4,,23.05,,214.34,,27.18,,12.47,1.83,0.03,0.31,16.39,19,0.06,0.3,0.9,0.4,8,,,,,,,,,,,,17.98,,3.75,,1.31,,6.8,,12.2,57.7,30.2,,25.77,,3.1,
60923,9,BTM,60923_9_BTM,0.98,,0.89,0.15,0,Below_Reporting_Limit,,,11.4,,31.78,,275.39,,23.51,,14.74,4.4,0.2,0.17,42.79,4,0.11,0.4,3.5,0.5,31,,,,,,,,,,,,17.07,,0.95,,6.89,,6.58,,8.2,39.7,52.1,,40.48,,2.18,
60929,1,TOP,60929_1_TOP,1.04,,2.33,0.18,0.07,,,,98.4,,6.51,,449.1,,45.06,,11.86,1.59,0.01,0.86,13.75,4,0.34,0.3,1.8,0.2,1,,,,,,,,,,,,134.02,,18.86,,2.89,,8.65,,54,22.3,23.8,,21.16,,3.52,
60929,1,BTM,60929_1_BTM,1.19,,2.05,0.1,0.06,,,,9.9,,8.03,,249.37,,22.72,,15.14,2.6,0.11,0.51,11.01,7,0.64,0.4,2.1,0.5,1,,,,,,,,,,,,41.44,,6.1,,0.78,,8.84,,50,26.4,23.7,,49.6,,9.81,
60929,2,TOP,60929_2_TOP,1.2,,2.5,0.2,0.06,,,,63.1,,14.31,,678.17,,58.49,,17.45,2.25,0.01,0.78,14.09,7,0.56,0.2,0.9,0.4,1,,,,,,,,,,,,303.22,,40.58,,1.51,,8.57,,46.1,30.3,23.7,,24.55,,3.76,
60929,2,BTM,60929_2_BTM,1.39,,2.45,0.09,0.08,,,,8.2,,13.63,,529.38,,39.46,,15.13,5.73,0.19,0.99,14.33,5,0.15,0.4,2.2,0.6,4,,,,,,,,,,,,55.9,,5.75,,,Failed_QC,9.01,,41.9,36.5,21.7,,110.57,,17.35,
60929,3,TOP,60929_3_TOP,1.22,,1.25,0.17,0.01,,,,72.3,,11.99,,362.22,,39.47,,7.6,1.29,0.01,0.72,10.13,6,0.08,0.4,2.9,0.4,23,,,,,,,,,,,,77.57,,13.22,,3.54,,7.76,,67.8,12.4,19.9,,57.06,,8.36,
60929,3,BTM,60929_3_BTM,,Insufficient_material,,,,Insufficient_material,Insufficient_material,Insufficient_material,,Insufficient_material,,Insufficient_material,,Insufficient_material,,Insufficient_material,,,,,,,,,,,,Insufficient_material,Insufficient_material,Insufficient_material,Insufficient_material,Insufficient_material,Insufficient_material,Insufficient_material,Insufficient_material,Insufficient_material,Insufficient_material,Insufficient_material,,Insufficient_material,,Insufficient_material,,Insufficient_material,,Insufficient_material,,,,Insufficient_material,,Insufficient_material,,Insufficient_material
60932,1,TOP,60932_1_TOP,,Data_not_available,7.59,0.34,0.21,,,,29,,113.31,,2936.18,,119.66,,3.28,6.8,25.99,1.14,16.01,466,3.9,0.7,0.2,0.1,95,,,,,,,,,,,,1811.84,,35.16,,9.07,,6.27,,58.6,21.8,19.6,,146.83,,20.63,
60932,1,BTM,60932_1_BTM,1.2,,2.08,0.12,0.08,,,,,Below_Detection,31.31,,2012.17,,95.12,,1.73,4.91,16.49,0.81,7.35,146,2.68,2.4,0.2,0.1,51,,,,,,,,,,,,833.56,,5.2,,5.14,,6.24,,62.9,14,23.1,,109.78,,6.99,
60932,2,TOP,60932_2_TOP,,Data_not_available,14.94,0.52,0.38,,,,21.4,,144.7,,3877.53,,188.29,,5.07,11.41,42.91,1.63,46.45,812,4.25,0.7,0.5,0.2,128,,,,,,,,,,,,1950.36,,23.19,,2.49,,5.37,,57.2,21.1,21.7,,206.65,,17.06,
60932,2,BTM,60932_2_BTM,1,,1.22,0.06,0.05,,,,,Below_Detection,17.95,,1414.27,,99.62,,0.67,1.5,5.7,0.43,5.93,112,0.62,0.1,0.2,0.1,19,,,,,,,,,,,,512.44,,3.61,,2.49,,5.07,,56.5,19.6,23.8,,52.08,,2.36,
60932,3,TOP,60932_3_TOP,,Data_not_available,,,,Insufficient_material,Insufficient_material,Insufficient_material,,Insufficient_material,175.99,,4701.6,,202.07,,,,,,,,,,,,,Insufficient_material,Insufficient_material,Insufficient_material,Insufficient_material,Insufficient_material,Insufficient_material,Insufficient_material,Insufficient_material,Insufficient_material,Insufficient_material,Insufficient_material,791.78,,77.85,,1.21,,3.91,,,,,Insufficient_material,508.47,,29.28,
60932,3,BTM,60932_3_BTM,1.12,,1.83,0.08,0.03,,,,5.9,,22.39,,2501.19,,106.18,,0.75,1.15,3.47,0.29,6.57,54,0.5,0.1,0.2,0.1,517,,,,,,,,,,,,82.79,,9.64,,0.84,,4.52,,57.6,22.5,20,,84.51,,3.34,
60932,4,TOP,60932_4_TOP,,Data_not_available,6.6,0.49,1.84,,,,27.8,,270.71,,4304.73,,261.99,,4.61,4.59,10.13,0.85,28.61,25,0.47,0.8,1.7,0.3,380,,,,,,,,,,,,2278.05,,15.46,,12.03,,5.86,,,,,Insufficient_material,32.98,,6.09,
60932,4,BTM,60932_4_BTM,,Data_not_available,,,,Insufficient_material,Insufficient_material,Insufficient_material,,Insufficient_material,229.62,,2538.74,,106.53,,,,,,,,,,,,,Insufficient_material,Insufficient_material,Insufficient_material,Insufficient_material,Insufficient_material,Insufficient_material,Insufficient_material,Insufficient_material,Insufficient_material,Insufficient_material,Insufficient_material,2288.49,,10.32,,1.92,,5.88,,,,,Insufficient_material,499.57,,6.1,
60932,5,TOP,60932_5_TOP,,Data_not_available,,,,Insufficient_material,Insufficient_material,Insufficient_material,,Insufficient_material,965.95,,8833.05,,308.22,,,,,,,,,,,,,Insufficient_material,Insufficient_material,Insufficient_material,Insufficient_material,Insufficient_material,Insufficient_material,Insufficient_material,Insufficient_material,Insufficient_material,Insufficient_material,Insufficient_material,9694.5,,198.64,,401.11,,6.61,,,,,Insufficient_material,289.8,,66.77,
60932,5,BTM,60932_5_BTM,,Data_not_available,,,,Insufficient_material,Insufficient_material,Insufficient_material,,Insufficient_material,792.63,,7864.46,,253.85,,,,,,,,,,,,,Insufficient_material,Insufficient_material,Insufficient_material,Insufficient_material,Insufficient_material,Insufficient_material,Insufficient_material,Insufficient_material,Insufficient_material,Insufficient_material,Insufficient_material,9684.32,,68.62,,331.29,,6.74,,,,,Insufficient_material,238.37,,57.92,
60932,6,TOP,60932_6_TOP,0.52,,6.93,0.32,0.09,,,,30.5,,37.43,,1572.93,,75.41,,0.56,0.41,0.18,0.27,12.96,13,0.07,0.2,0.5,0.1,72,,,,,,,,,,,,1407.46,,73.51,,34.58,,4.17,,80.5,9.6,10,,190.23,,12.6,
60932,6,BTM,60932_6_BTM,1.45,,1.04,0.1,0.03,,,,,Below_Detection,16.21,,1080.68,,54.09,,0.31,0.14,0.11,0.1,2.96,7,0.03,0.1,0.2,0.1,48,,,,,,,,,,,,852.29,,15.89,,0.9,,4,,84.6,5.4,10,,24.59,,2.64,
60933,1,TOP,60933_1_TOP,0.24,,,,,Insufficient_material,Insufficient_material,Insufficient_material,,Insufficient_material,31.23,,926.01,,66.59,,,,,,,,,,,,,Insufficient_material,Insufficient_material,Insufficient_material,Insufficient_material,Insufficient_material,Insufficient_material,Insufficient_material,Insufficient_material,Insufficient_material,Insufficient_material,Insufficient_material,2342.91,,276.63,,13.59,,5.96,,,,,Insufficient_material,600.47,,36.97,
60933,1,BTM,60933_1_BTM,,Insufficient_material,,,,Insufficient_material,Insufficient_material,Insufficient_material,,Insufficient_material,,Insufficient_material,,Insufficient_material,,Insufficient_material,,,,,,,,,,,,Insufficient_material,Insufficient_material,Insufficient_material,Insufficient_material,Insufficient_material,Insufficient_material,Insufficient_material,Insufficient_material,Insufficient_material,Insufficient_material,Insufficient_material,,Insufficient_material,,Insufficient_material,,Insufficient_material,,Insufficient_material,,,,Insufficient_material,,Insufficient_material,,Insufficient_material
60933,10,TOP,60933_10_TOP,0.56,,6.53,0.5,0.06,,,,587.9,,25.17,,1131.45,,69.59,,7.26,0.88,0.1,0.96,18.54,2,0.02,2.1,17.8,0.2,56,,,,,,,,,,,,366.56,,69.95,,,Failed_QC,5.95,,36.3,41.5,22.3,,50.67,,7.1,
60933,10,BTM,60933_10_BTM,,Insufficient_material,,,,Insufficient_material,Insufficient_material,Insufficient_material,,Insufficient_material,,Insufficient_material,,Insufficient_material,,Insufficient_material,,,,,,,,,,,,Insufficient_material,Insufficient_material,Insufficient_material,Insufficient_material,Insufficient_material,Insufficient_material,Insufficient_material,Insufficient_material,Insufficient_material,Insufficient_material,Insufficient_material,,Insufficient_material,,Insufficient_material,,Insufficient_material,,Insufficient_material,,,,Insufficient_material,,Insufficient_material,,Insufficient_material
60933,11,TOP,60933_11_TOP,0.88,,5.9,0.53,0.02,,,,204.3,,25.27,,1589.4,,78.64,,23.18,1.94,0.1,1.17,41.37,4,0.54,2.3,2.9,0.7,11,,,,,,,,,,,,124.83,,18.56,,0.7,,6.57,,11.8,38.3,49.9,,43.14,,7.22,
60933,11,BTM,60933_11_BTM,1.12,,3.51,0.32,0.05,,,,34,,18.75,,1361.54,,58.67,,28.69,1.49,0.11,0.76,43.46,6,0.71,0.5,16.1,0.9,13,,,,,,,,,,,,68.45,,8.95,,0.39,,6.36,,9.3,25.8,64.9,,112.07,,3.13,
60933,12,TOP,60933_12_TOP,0.99,,5.51,0.5,0.05,,,,217,,21.41,,2375.41,,112.3,,23.57,1.69,0.11,1.39,44,10,0.89,1.6,2.6,0.6,8,,,,,,,,,,,,97.33,,14.32,,0.77,,7.24,,12.8,33.1,54.1,,43.05,,6.38,
60933,12,BTM,60933_12_BTM,1.61,,4.13,0.37,0.04,,,,,Insufficient_material,17.65,,2000.76,,75.77,,22.43,0.89,0.13,0.64,33.34,10,1.16,0.6,6.4,0.5,8,,,,,,,,,,,,91.23,,12.16,,,Failed_QC,7.6,,,,,In_queue,28.49,,3.23,
60933,13,TOP,60933_13_TOP,0.88,,6.16,0.52,0.02,,,,191.1,,17.32,,1975.01,,81.46,,20.44,1.65,0.1,1.11,24.77,15,0.79,2.3,15.7,1.1,13,,,,,,,,,,,,97.52,,16.3,,10.17,,7.28,,6.6,33.6,59.8,,68.73,,7.81,
60933,13,BTM,60933_13_BTM,1.39,,3.12,0.28,0.03,,,,28.2,,20.35,,1368.69,,81.96,,31.02,1.52,0.13,0.75,21.17,3,0.73,0.5,16.9,0.6,13,,,,,,,,,,,,29.87,,5.86,,1.63,,7.06,,9.8,21,69.2,,48.25,,4.61,
60933,14,TOP,60933_14_TOP,0.85,,5.58,0.5,0.02,,,,236.4,,16.69,,1946.77,,90.02,,18.85,1.48,0.1,1.25,25.1,18,1.15,1.6,8,0.6,6,,,,,,,,,,,,194.15,,27.96,,0.16,,7.35,,15.6,32.2,52.3,,86.41,,9.73,
60933,14,BTM,60933_14_BTM,1.1,,3.59,0.33,1.18,,,,35.6,,17.74,,1388.39,,51.01,,27.69,1.36,0.13,0.7,25.25,10,1.01,0.5,27.9,1,16,,,,,,,,,,,,45.83,,7.04,,1.09,,6.92,,11.7,28.3,60.1,,42.98,,4.12,
60933,15,TOP,60933_15_TOP,0.78,,4.82,0.43,0.06,,,,190.6,,17.91,,1519.13,,41.68,,21.65,1.81,0.11,1.31,22.03,13,0.92,1.8,8.4,0.6,10,,,,,,,,,,,,154.91,,25.07,,,Failed_QC,7.09,,15.6,32.4,52.1,,102.64,,8.57,
60933,15,BTM,60933_15_BTM,1.67,,4.02,0.34,0.07,,,,52,,17.22,,1721.93,,53.26,,33.38,1.25,0.11,0.83,21.62,4,1.23,0.7,12.2,0.7,12,,,,,,,,,,,,123.24,,17.51,,0.32,,7.77,,11.6,28.4,60.1,,30.35,,3.62,
60933,16,TOP,60933_16_TOP,0.75,,4.84,0.44,0.05,,,,148.4,,24.76,,1607.74,,88.84,,20.51,2.09,0.11,1.36,24.1,10,0.42,1.2,4.2,0.7,19,,,,,,,,,,,,97.99,,30.5,,0.55,,7.28,,9.2,31.5,59.3,,27.4,,4.66,
60933,16,BTM,60933_16_BTM,1.05,,3.98,0.35,0.05,,,,37.7,,21.05,,1035.36,,57.01,,26.56,1.77,0.11,0.75,24.51,10,0.65,0.6,8.8,0.9,22,,,,,,,,,,,,94.74,,23.52,,0.4,,7.09,,8.9,27.9,63.2,,16.2,,3.51,
60933,17,TOP,60933_17_TOP,0.81,,5.12,0.44,0.05,,,,137.5,,22.39,,1478.25,,43.8,,19.74,2.04,0.12,1.02,23.98,11,0.4,1.3,3.7,0.7,20,,,,,,,,,,,,99.75,,22.88,,0.15,,7.05,,15.6,34.4,50.1,,42,,5.8,
60933,17,BTM,60933_17_BTM,1.12,,3.76,0.35,0.05,,,,50.5,,21.92,,1527.13,,48.39,,28.34,1.59,0.14,0.72,25.06,5,0.81,0.5,8.2,0.9,25,,,,,,,,,,,,72.8,,11.04,,5.07,,7.07,,11.6,28.4,60.1,,24.83,,2.54,
60933,18,TOP,60933_18_TOP,1.01,,5.07,0.45,0.06,,,,175.2,,20.3,,1513.24,,69.95,,18.74,1.83,0.09,1.1,24.57,9,0.39,1.9,5,0.8,20,,,,,,,,,,,,114.45,,13.43,,1.11,,6.95,,12.3,34.4,53.3,,58.02,,6.27,
60933,18,BTM,60933_18_BTM,0.95,,3.37,0.3,0.04,,,,30.5,,19.72,,1136.45,,42.11,,30.26,1.77,0.12,0.75,26.26,9,0.71,0.5,8.6,0.7,19,,,,,,,,,,,,28.12,,3.92,,4.71,,6.97,,11.5,28.5,60.1,,72.36,,3.11,
60933,19,TOP,60933_19_TOP,1.64,,6.15,0.52,0.06,,,,143.7,,20.52,,1783.77,,62.12,,16.35,1.89,0.09,1.25,30.48,18,0.67,2,7.2,0.5,12,,,,,,,,,,,,91.84,,12.92,,3.5,,7,,15.5,34.5,50.1,,64.45,,8.22,
60933,19,BTM,60933_19_BTM,0.81,,3.16,0.28,0.04,,,,46.8,,20.79,,1324.18,,39.34,,28.58,1.8,0.11,0.81,24.52,3,0.54,0.6,15.8,0.9,23,,,,,,,,,,,,42.97,,6.95,,1.67,,6.61,,11.6,30.4,58,,65.62,,4.58,
60933,2,TOP,60933_2_TOP,0.61,,4.86,0.35,0.05,,,,140,,20.19,,1280.11,,58.95,,9.61,1.13,0.13,0.48,24.22,6,0.04,8.9,94.7,0.4,148,,,,,,,,,,,,450.07,,73.78,,9.42,,5.28,,31.8,46.1,22.2,,65,,3.32,
60933,2,BTM,60933_2_BTM,1.2,,0.96,0.11,0.02,,,,23,,7,,1131.09,,27.23,,3.11,0.49,0.12,0.2,12.39,14,0.51,2.5,1.3,0.3,81,,,,,,,,,,,,111.22,,13.79,,56.15,,5.4,,35.6,39.9,24.5,,50.04,,3.92,
60933,20,TOP,60933_20_TOP,0.79,,5.19,0.46,0.07,,,,176.2,,19.87,,1509.45,,70.4,,23.08,2.05,0.1,1.56,24.08,11,0.99,1.6,5.2,0.9,10,,,,,,,,,,,,98.75,,15.31,,2.17,,7.25,,10.1,39.5,50.4,,53.3,,6.05,
60933,20,BTM,60933_20_BTM,0.91,,3.86,0.38,0.09,,,,,Insufficient_material,21.58,,1497.81,,73.64,,26.8,1.57,0.13,0.83,24.32,1,0.81,0.1,10.6,0.7,18,,,,,,,,,,,,45.55,,7.22,,8.69,,7.25,,,,,In_queue,19.05,,2.04,
60933,3,TOP,60933_3_TOP,0.25,,16.01,0.62,0.08,,,,222.9,,33.55,,2038.85,,128.1,,9.38,1.29,0.15,0.56,45.51,28,0.36,12.4,252.2,0.7,178,,,,,,,,,,,,1229.97,,147.22,,13.5,,4.34,,93.4,4.4,2.2,,233.9,,9.59,
60933,3,BTM,60933_3_BTM,1.09,,1.34,0.1,0.02,,,,23.8,,8.61,,1032.67,,23.73,,4.43,0.99,0.13,0.19,13.8,12,0.38,2,5,0.2,101,,,,,,,,,,,,133.67,,14.35,,46.3,,5.44,,33.8,36.5,29.7,,42.6,,1.85,
60933,4,TOP,60933_4_TOP,0.49,,6.49,0.33,0.12,,,,173.9,,15.52,,936.68,,43.8,,4.7,0.82,0.13,0.35,21.21,6,0.13,5.3,74.2,0.6,226,,,,,,,,,,,,326.62,,50.71,,12.06,,4.87,,27.7,48.2,24.2,,65.71,,2.43,
60933,4,BTM,60933_4_BTM,1.08,,1.05,0.08,0.05,,,,22.2,,11.16,,1518.38,,36.49,,2.76,0.83,0.13,0.26,15.19,30,0.81,5.3,1,0.3,161,,,,,,,,,,,,118.33,,12.89,,6.51,,5.36,,40,29.9,30.1,,23.69,,1.46,
60933,5,TOP,60933_5_TOP,0.56,,4.62,0.24,0.03,,,,81.6,,12.41,,1186.15,,65.5,,2.87,0.8,0.13,0.29,17.86,8,0.25,3.5,53.2,0.4,276,,,,,,,,,,,,455.6,,57.93,,10.66,,4.53,,30,46,24.1,,73.56,,3.17,
60933,5,BTM,60933_5_BTM,1.28,,0.51,0.03,0.06,,,,14.4,,6.67,,1059.73,,21.65,,1.91,0.61,0.12,0.14,13.97,4,0.07,0.3,1.3,0.3,91,,,,,,,,,,,,67.36,,8.82,,6.24,,4.99,,38.6,35.4,25.9,,34.02,,3.5,
60933,6,TOP,60933_6_TOP,0.66,,4.76,0.44,0.06,,,,718.7,,19.17,,980.91,,58.59,,5.23,0.78,0.11,0.94,14.02,4,0.06,0.4,11.8,0.1,41,,,,,,,,,,,,236.3,,43.46,,11.26,,5.81,,40.7,35.1,24.1,,34.79,,6.57,
60933,6,BTM,60933_6_BTM,1.15,,,,,Insufficient_material,Insufficient_material,Insufficient_material,,Insufficient_material,8.38,,1150.07,,72.28,,,,,,,,,,,,,Insufficient_material,Insufficient_material,Insufficient_material,Insufficient_material,Insufficient_material,Insufficient_material,Insufficient_material,Insufficient_material,Insufficient_material,Insufficient_material,Insufficient_material,267.1,,46.93,,7.34,,5.76,,,,,Insufficient_material,67.36,,6.98,
60933,7,TOP,60933_7_TOP,0.6,,5.48,0.47,0.04,,,,583,,18.77,,1212.49,,77.86,,4.49,0.67,0.11,0.83,16.11,5,0.03,0.8,18.1,0.2,47,,,,,,,,,,,,323.41,,55.79,,10.46,,5.62,,41,36.5,22.5,,32.66,,7.34,
60933,7,BTM,60933_7_BTM,1.23,,4.62,0.4,0.06,,,,146.9,,9.16,,1178,,75,,3.93,0.55,0.14,0.52,16.13,8,0.03,0.2,26.8,0.2,59,,,,,,,,,,,,359.71,,49.88,,17.47,,5.33,,37,39.8,23.2,,49.65,,6.15,
60933,8,TOP,60933_8_TOP,0.59,,5.36,0.43,0.06,,,,475.7,,15.77,,1201.73,,87.11,,5.57,0.71,0.12,0.71,18.77,7,0.04,1.7,21.6,0.2,57,,,,,,,,,,,,305.36,,70.71,,0.16,,5.36,,40.1,37.8,22.2,,37.96,,6.7,
60933,8,BTM,60933_8_BTM,,Insufficient_material,,,,Insufficient_material,Insufficient_material,Insufficient_material,,Insufficient_material,,Insufficient_material,,Insufficient_material,,Insufficient_material,,,,,,,,,,,,Insufficient_material,Insufficient_material,Insufficient_material,Insufficient_material,Insufficient_material,Insufficient_material,Insufficient_material,Insufficient_material,Insufficient_material,Insufficient_material,Insufficient_material,,Insufficient_material,,Insufficient_material,,Insufficient_material,,Insufficient_material,,,,Insufficient_material,,Insufficient_material,,Insufficient_material
60933,9,TOP,60933_9_TOP,0.65,,5.45,0.46,0.07,,,,354.9,,16.59,,864.06,,58.64,,5.9,0.77,0.11,0.85,19.22,6,0.04,1,19.5,0.2,53,,,,,,,,,,,,281.63,,53.88,,0.13,,5.59,,39.7,37.1,23.2,,41.04,,10.1,
60933,9,BTM,60933_9_BTM,,Insufficient_material,,,,Insufficient_material,Insufficient_material,Insufficient_material,,Insufficient_material,,Insufficient_material,,Insufficient_material,,Insufficient_material,,,,,,,,,,,,Insufficient_material,Insufficient_material,Insufficient_material,Insufficient_material,Insufficient_material,Insufficient_material,Insufficient_material,Insufficient_material,Insufficient_material,Insufficient_material,Insufficient_material,,Insufficient_material,,Insufficient_material,,Insufficient_material,,Insufficient_material,,,,Insufficient_material,,Insufficient_material,,Insufficient_material
60938,1,TOP,60938_1_TOP,1.17,,2.34,0.2,0.01,,,,113,,26.37,,142.92,,15.42,,3.4,1.97,0.07,0.26,10.29,9,0.42,1.5,17,0.9,108,,,,,,,,,,,,117.67,,28.01,,0.13,,5.58,,25,41.3,33.7,,29.52,,2.45,
60938,1,BTM,60938_1_BTM,1.32,,1.08,0.14,0.01,,,,18.1,,19.08,,41.49,,4.42,,6.18,5.46,0.11,0.32,14.44,11,0.22,0.2,11.7,1.7,43,,,,,,,,,,,,15.45,,3.47,,1.28,,5.5,,13.5,24.1,62.4,,17.26,,1.58,
60938,2,TOP,60938_2_TOP,1.01,,3.48,0.28,0.01,,,,75.1,,28.92,,123.38,,13.24,,4.18,1.44,0.07,0.4,11.26,7,0.16,3.6,26.5,0.9,58,,,,,,,,,,,,160.96,,36.26,,4.99,,6.13,,21.7,47.8,30.5,,40.85,,3.41,
60938,2,BTM,60938_2_BTM,1.6,,0.61,0.1,0.01,,,,,Below_Detection,14.07,,36.12,,5.67,,0.71,0.97,0.09,0.14,7.98,10,0.18,0.7,3.4,1.4,69,,,,,,,,,,,,45.05,,3.53,,0.98,,4.86,,18.8,39.2,42,,19.3,,1.5,
60938,3,TOP,60938_3_TOP,0.61,,7.94,0.69,0.08,,,,226.4,,63.78,,555.6,,36.12,,17.65,7.19,0.16,0.4,15.44,5,0.78,10.9,0.7,1.5,128,,,,,,,,,,,,63.7,,16.91,,0.41,,6.8,,12.9,39.2,48,,65.02,,11.66,
60938,3,BTM,60938_3_BTM,0.91,,5.31,0.48,0.07,,,,43.4,,42.7,,265.17,,19.15,,22.2,9.87,0.38,0.26,8.77,6,0.82,2.7,1.7,2.3,194,,,,,,,,,,,,12.63,,2.37,,1.07,,6.2,,13.3,34.3,52.5,,48.62,,5.29,
60938,4,TOP,60938_4_TOP,0.82,,6.44,0.5,0.08,,,,273.9,,48.45,,400.68,,26.78,,15.86,7.42,0.12,0.37,20.81,6,0.57,10.9,1.1,0.9,37,,,,,,,,,,,,105.75,,25.12,,0.05,,6.91,,19.4,46.3,34.3,,78.14,,11.21,
60938,4,BTM,60938_4_BTM,1.26,,1.66,0.19,0.02,,,,21.4,,16.87,,77.02,,7.35,,9.1,5.7,0.11,0.32,28.07,2,0.45,0.2,4.1,0.7,16,,,,,,,,,,,,18.72,,3.97,,1.12,,7.32,,13.4,38.1,48.5,,14.96,,1.32,
60938,5,TOP,60938_5_TOP,0.49,,7.41,0.54,0.06,,,,250.3,,59.87,,428.93,,32.86,,12.82,4.18,0.26,0.37,27.74,11,0.44,15.8,35.7,1.8,154,,,,,,,,,,,,260.9,,57,,0.96,,5.89,,21.7,46.2,32.2,,96.4,,9.11,
60938,5,BTM,60938_5_BTM,1.93,,1.04,0.16,0.02,,,,6.4,,20.61,,65.62,,7.37,,3.98,1.89,0.25,0.18,7.61,6,0.17,0.8,8.2,0.8,59,,,,,,,,,,,,53.5,,11.16,,2.78,,5.87,,15.4,40.8,43.8,,13.8,,2.05,
60938,6,TOP,60938_6_TOP,0.88,,6.81,0.52,0.05,,,,110.1,,38.07,,280.88,,22.13,,8.17,2.97,0.11,0.42,15.5,8,0.28,11.4,43.1,1.5,137,,,,,,,,,,,,217.3,,64.25,,0.13,,5.87,,17.1,47.2,35.7,,51.34,,4.83,
60938,6,BTM,60938_6_BTM,1.23,,1.14,0.17,0.01,,,,8.8,,13.43,,107.01,,7.11,,6.61,3.61,0.13,0.28,14.04,5,0.21,0.4,3,1.1,33,,,,,,,,,,,,22.43,,3.47,,1.65,,6,,14.6,33.3,52.1,,65.53,,1.99,
60940,1,TOP,60940_1_TOP,0.63,,3.66,0.36,0.04,,,,263.4,,3.74,,940.78,,79.4,,8.81,1.5,0.04,1.34,19.26,3,0.19,31.9,6.7,0.5,42,,,,,,,,,,,,437.64,,30.21,,10.81,,6.68,,54.1,26.3,19.7,,52.77,,6.17,
60940,1,BTM,60940_1_BTM,1.13,,3.1,0.32,0.02,,,,90.2,,6.8,,847.13,,60.91,,8.02,1.16,0.03,1.06,18.82,4,0.37,32.1,5.5,0.3,60,,,,,,,,,,,,220.78,,15.43,,1.93,,6.39,,51.9,24.5,23.7,,20.41,,2.92,
60940,2,TOP,60940_2_TOP,0.81,,5.75,0.51,0.05,,,,319.3,,7.57,,1361.37,,74.31,,22.63,2.2,0.08,0.47,33.9,10,0.61,9.1,3.8,0.7,45,,,,,,,,,,,,433.13,,35.71,,0.67,,7.1,,36,28.5,35.6,,60.13,,6.16,
60940,2,BTM,60940_2_BTM,1.08,,4.38,0.45,0.05,,,,116.8,,19.3,,1242.85,,65.7,,19.27,2.01,0.08,0.43,28.38,6,0.47,7.3,0.2,0.6,55,,,,,,,,,,,,317.84,,17.74,,0.4,,7.51,,33.9,26.6,39.6,,13.31,,3.08,
60940,3,TOP,60940_3_TOP,0.42,,2.49,0.28,0.03,,,,212.5,,4.92,,1148.53,,85.41,,11.52,1.33,0.05,1.39,18.22,2,0.14,0.4,3,0.2,20,,,,,,,,,,,,309.88,,25.1,,25.72,,6.43,,48.1,26.4,25.5,,40.4,,4.41,
60940,3,BTM,60940_3_BTM,1.17,,1.41,0.2,0.01,,,,58.8,,10.01,,1106.78,,80,,9.79,1.12,0.05,0.91,18.85,1,0.14,0.2,0.7,0.2,20,,,,,,,,,,,,133.98,,18.77,,7.87,,6.63,,49.9,24.7,25.5,,10.93,,1.51,
60940,4,TOP,60940_4_TOP,0.65,,2.31,0.26,0.03,,,,214,,5.21,,1118.11,,84.68,,10.92,1.4,0.04,1.26,18.97,6,0.15,0.5,3.6,0.3,30,,,,,,,,,,,,141.81,,24.22,,39.32,,6.05,,52.1,24.4,23.5,,26.55,,3.21,
60940,4,BTM,60940_4_BTM,1.04,,2.37,0.27,0.01,,,,134.8,,9.46,,1109.02,,80.97,,9.74,1.2,0.05,1.08,26.19,5,0.14,0.4,2.4,0.2,31,,,,,,,,,,,,286.48,,23.92,,22.49,,6.33,,49.9,26.6,23.5,,14.57,,4.03,
60940,5,TOP,60940_5_TOP,0.82,,3.09,0.46,0.03,,,,263.3,,4.96,,1164.03,,76.84,,16.26,0.57,0.04,0.21,20.34,6,0.25,0.5,2.2,0.5,21,,,,,,,,,,,,217.29,,31.51,,3.87,,7.06,,14.2,44.4,41.5,,25.31,,3.12,
60940,5,BTM,60940_5_BTM,1.13,,3.02,0.45,0.03,,,,169.5,,11.56,,1033.79,,68.15,,13.69,0.67,0.03,0.34,19.3,4,0.22,0.5,2.4,0.5,21,,,,,,,,,,,,339.48,,34.52,,1.05,,7.35,,14.3,45.8,40,,9.99,,2.55,
60940,6,TOP,60940_6_TOP,0.59,,5.21,0.61,0.04,,,,401.5,,12.95,,1979.1,,146.89,,10.66,1.28,0.06,0.82,25.21,10,0.35,2.8,9.1,0.8,130,,,,,,,,,,,,488.54,,59.41,,4.15,,6.06,,18.3,45.7,36.1,,29.53,,5.79,
60940,6,BTM,60940_6_BTM,0.98,,2.78,0.39,0.02,,,,53,,15.35,,1254.89,,84.42,,6.13,0.62,0.04,0.22,18.29,7,0.22,0.6,2.2,0.5,86,,,,,,,,,,,,382.1,,18.12,,3.23,,5.88,,18.3,39.7,42.1,,8.21,,1.5,
60942,1,TOP,60942_1_TOP,0.62,,6.65,0.28,0.03,,,,97.5,,31.46,,386.13,,35.99,,7.95,2.39,0.15,0.21,17.43,18,0.21,0.9,3.5,0.3,149,,,,,,,,,,,,215.05,,36.48,,1.11,,5.71,,14.5,65.9,19.7,,61.66,,15.51,
60942,1,BTM,60942_1_BTM,1.18,,7.96,0.22,0.02,,,,10.8,,25.25,,418.48,,20.23,,8.42,3.32,0.11,0.06,17.26,4,0.33,0.5,1.2,0.7,189,,,,,,,,,,,,333.4,,10.27,,16.02,,6.41,,16.1,64,20,,51.89,,4.08,
60942,2,TOP,60942_2_TOP,0.44,,3.47,0.19,0.03,,,,96.5,,47.03,,359.47,,18.93,,7.1,2.42,0.11,0.19,30.5,6,0.36,0.8,1.1,1.6,223,,,,,,,,,,,,144.88,,17.17,,6.53,,6.32,,21.7,56.2,22.2,,89.54,,4.73,
60942,2,BTM,60942_2_BTM,1.24,,0.76,0.07,0.01,,,,,Below_Detection,26.69,,147.3,,11.09,,5.77,1.74,0.1,0.06,16.79,7,0.23,0.3,6.1,4,79,,,,,,,,,,,,27.4,,1.43,,15.26,,6.84,,29.6,47.7,22.6,,12.14,,0.73,
60942,3,TOP,60942_3_TOP,0.33,,10.69,0.52,0.06,,,,249.7,,81.81,,923.99,,46.41,,7.68,4.75,0.25,0.36,22.47,15,0.57,0.4,4,0.6,412,,,,,,,,,,,,657.29,,84.93,,18.48,,6.01,,19.2,64,16.8,,280.45,,14.67,
60942,3,BTM,60942_3_BTM,0.71,,16.06,0.69,0.06,,,,30.3,,89.66,,675.89,,33.69,,3.92,2.08,0.2,0.19,14.37,4,1,0.2,1.9,0.5,656,,,,,,,,,,,,145.13,,16.79,,70,,5.8,,24.8,60.4,14.8,,144.41,,7.36,
60942,4,TOP,60942_4_TOP,0.45,,10.08,0.72,0.12,,,,341.7,,75.06,,705.01,,77.36,,20.1,9.26,0.92,0.64,18.09,334,0.64,8.6,3.3,0.7,45,,,,,,,,,,,,329.69,,69.83,,1.01,,7.27,,17.6,61.1,21.4,,429.73,,61.21,
60942,4,BTM,60942_4_BTM,1.32,,0.92,0.09,0.02,,,,14.6,,23.17,,86.4,,12.58,,7.67,3.23,0.3,0.07,6.11,49,0.15,0.2,5.2,2.9,28,,,,,,,,,,,,75.81,,7.4,,3.04,,7.81,,4.7,68.2,27.2,,56.43,,3.76,
60942,5,TOP,60942_5_TOP,0.87,,3.91,0.24,0.04,,,,80.8,,50.61,,169.35,,17.35,,6.46,2.6,0.36,0.1,15.46,45,0.14,0.9,2.4,0.6,108,,,,,,,,,,,,171.04,,33.14,,1,,6.69,,12.4,61,26.6,,116.22,,7.94,
60942,5,BTM,60942_5_BTM,1.23,,1.22,0.09,0.02,,,,,Below_Detection,28.73,,364.86,,17.12,,6.67,2.1,0.32,0.09,9,32,0.16,0.1,5.7,1.5,83,,,,,,,,,,,,60.88,,7.29,,49.58,,7.14,,12,61.8,26.2,,55.7,,3.09,
60942,6,TOP,60942_6_TOP,0.11,,,,,Insufficient_material,Insufficient_material,Insufficient_material,,Insufficient_material,157.06,,2136.25,,109.94,,,,,,,,,,,,,Insufficient_material,Insufficient_material,Insufficient_material,Insufficient_material,Insufficient_material,Insufficient_material,Insufficient_material,Insufficient_material,Insufficient_material,Insufficient_material,Insufficient_material,2389.44,,288.26,,11.33,,5.71,,,,,Insufficient_material,1250.18,,64.58,
60942,6,BTM,60942_6_BTM,1.3,,0.97,0.08,0.06,,,,6.2,,23.12,,456.11,,28.69,,9.95,3.39,0.73,0.07,19.61,177,0.12,0.1,0.9,3.6,37,,,,,,,,,,,,137.84,,10.36,,7.86,,8.1,,15.8,64.1,20.2,,131.67,,6.85,
60946,1,TOP,60946_1_TOP,0.27,,11.06,0.95,0.17,,,,134.1,,201.27,,2433.17,,105.23,,4.08,9.21,29.03,2.15,27.21,406,8.73,1.6,4.1,1.9,378,,,,,,,,,,,,,Failed_QC,,Failed_QC,7.28,,6.46,,19.8,37.9,42.4,,237.92,,30.97,
60946,1,BTM,60946_1_BTM,0.63,,3.33,0.33,0.09,,,,18.5,,79.18,,1636.07,,53.79,,2.54,9.06,26.29,1.87,29.43,446,4.56,1.5,1.1,5.9,459,,,,,,,,,,,,,Failed_QC,,Failed_QC,1.19,,5.43,,7.8,41.9,50.4,,165.84,,6.08,
60946,2,TOP,60946_2_TOP,0.17,,9.44,0.55,0.16,,,,,Insufficient_material,152.23,,2607.75,,102,,0.89,1.82,4.23,0.63,29.97,185,1.47,2.8,1.5,0.5,759,,,,,,,,,,,,2312.24,,33.41,,130.5,,3.81,,,,,Insufficient_material,23.94,,4.43,
60946,2,BTM,60946_2_BTM,0.71,,1.54,0.14,0.03,,,,11.6,,35.56,,1308.45,,77.1,,0.97,2.1,0.53,0.43,9.57,13,1.42,1.3,0.7,0.4,828,,,,,,,,,,,,1054.14,,21.08,,61.18,,4.71,,,,,Insufficient_material,24.06,,7.62,
61049,1,TOP,61049_1_TOP,0.44,,5.7,0.35,0.03,,,,58.5,,44.18,,4792.98,,243.6,,0.5,0.2,0.08,0.21,13.85,28,0.48,2.7,5.4,0.5,279,,,,,,,,,,,,519.02,,77.02,,0.7,,3.96,,60.4,27.7,12,,82.22,,9.53,
61049,1,BTM,61049_1_BTM,1.16,,0.75,0.08,0.03,,,,6.2,,23.21,,979.19,,70.69,,0.27,0.09,0.05,0.04,4.27,133,0.05,0.1,0.8,0.1,11,,,,,,,,,,,,73.58,,10.59,,0.31,,4.46,,62.4,25.8,11.9,,9.99,,2.44,
61049,10,TOP,61049_10_TOP,1.19,,1.38,0.16,0.03,,,,26.5,,15.01,,112.93,,15.33,,4.68,0.73,0.06,0.19,6.19,2,0.09,0.6,14.8,0.3,25,,,,,,,,,,,,,Failed_QC,,Failed_QC,0.44,,6.42,,48.4,38.1,13.6,,7.86,,1.61,
61049,10,BTM,61049_10_BTM,1.48,,0.29,0.08,0.01,,,,4.5,,13.25,,91.13,,11.96,,5.49,1.59,0.07,0.2,7,1,0.04,0.1,2.2,0.8,9,,,,,,,,,,,,,Failed_QC,,Failed_QC,0.04,,6.39,,43.9,33.3,22.8,,3.48,,0.35,
61049,11,TOP,61049_11_TOP,1.03,,0.57,0.1,0.01,,,,,Below_Detection,6.56,,170.72,,16.37,,0.59,0.18,0.05,0.03,2.18,12,0.01,0.1,0.8,0.01,31,,,,,,,,,,,,,Failed_QC,,Failed_QC,2.67,,5.54,,88.4,4,7.6,,9.52,,0.86,
61049,11,BTM,61049_11_BTM,1.11,,0.19,0.08,0.01,,,,,Below_Detection,5.76,,146.13,,11.93,,0.46,0.18,0.04,0.02,0.94,16,0.12,0.1,0.3,0.01,55,,,,,,,,,,,,,Failed_QC,,Failed_QC,3.98,,5.58,,90.4,2.1,7.6,,8.81,,0.37,
61049,12,TOP,61049_12_TOP,1.25,,2.17,0.14,0.04,,,,6.6,,6.65,,251.22,,21.52,,14.85,0.81,0.05,0.36,6.32,1,0.27,0.3,1.8,6.3,2,,,,,,,,,,,,,Failed_QC,,Failed_QC,2.23,,8.89,,62.4,20,17.7,,3.72,,0.82,
61049,12,BTM,61049_12_BTM,1.2,,2.66,0.12,0.04,,,,,Below_Detection,5.96,,360.74,,33.09,,17.08,0.94,0.06,0.22,6.39,2,0.22,0.1,2.6,7.3,2,,,,,,,,,,,,,Failed_QC,,Failed_QC,,Failed_QC,8.64,,58.5,21.9,19.7,,6.81,,4.34,
61049,2,TOP,61049_2_TOP,0.56,,2.78,0.24,0.02,,,,80.4,,36.57,,1055.34,,59.3,,1.52,0.52,0.07,0.2,17.71,5,0.24,2.7,5.4,0.3,172,,,,,,,,,,,,390.67,,69.93,,29.85,,4.56,,45.9,39.8,14.3,,155.78,,3.36,
61049,2,BTM,61049_2_BTM,0.77,,2.43,0.11,0.01,,,,14.3,,27.3,,6661.97,,154.42,,0.37,0.12,0.06,0.06,12.35,7,0.08,0.4,1.5,0.1,49,,,,,,,,,,,,164.78,,15.06,,,Failed_QC,5.16,,50,35.7,14.4,,19.68,,1.51,
61049,3,TOP,61049_3_TOP,0.62,,1.14,0.11,0.02,,,,34.4,,1.99,,214.46,,22.74,,6.4,1.42,0.06,0.52,5.78,3,0.27,0.6,8.8,0.4,18,,,,,,,,,,,,56,,9.34,,0.84,,6,,59.9,19.7,20.4,,52.21,,10.93,
61049,3,BTM,61049_3_BTM,1.05,,1.16,0.09,0.01,,,,46.8,,1.99,,262.77,,32.26,,6.04,1.29,0.06,0.55,5.92,3,0.23,0.7,7.4,0.4,16,,,,,,,,,,,,70.26,,10.19,,0.04,,6.17,,64,17.7,18.3,,65.25,,12.12,
61049,4,TOP,61049_4_TOP,0.76,,2.36,0.16,0.01,,,,34.5,,7.9,,1766.19,,118.78,,0.72,0.3,0.07,0.15,6.42,12,0.05,0.7,24.9,0.3,15,,,,,,,,,,,,120.4,,17.38,,2.84,,4.9,,35.3,40.9,23.8,,65.56,,5.26,
61049,4,BTM,61049_4_BTM,1.29,,0.25,0.04,0.01,,,,,Below_Detection,4.57,,269.57,,16.73,,0.37,0.13,0.05,0.07,3.48,28,0.06,0.1,3.9,0.1,7,,,,,,,,,,,,,,,,0.54,,4.44,,52.1,19.9,28.1,,7.99,,0.37,
61049,5,TOP,61049_5_TOP,0.61,,5.73,0.26,0.07,,,,121.6,,35.75,,6062.24,,204.95,,0.98,0.28,0.16,0.41,14.51,13,0.23,0.8,26.7,0.2,82,,,,,,,,,,,,,Failed_QC,,Failed_QC,5.31,,5.16,,50,34,16.1,,234.36,,8.74,
61049,5,BTM,61049_5_BTM,0.92,,1.83,0.09,0.08,,,,14.6,,32.06,,2734.07,,74.46,,0.43,0.14,0.07,0.15,11.74,30,0.07,0.1,2.5,0.1,16,,,,,,,,,,,,,Failed_QC,,Failed_QC,19.07,,5.54,,48,29.6,22.4,,9.38,,0.15,
61049,6,TOP,61049_6_TOP,0.7,,4.44,0.4,0.09,,,,137.4,,33.48,,,,,,12.78,3.46,0.07,1.47,18.3,6,0.34,3.2,14,0.9,42,,,,,,,,,,,,,Failed_QC,,Failed_QC,0.94,,7.73,,12.7,53.4,33.8,,37.89,,2.93,
61049,6,BTM,61049_6_BTM,0.96,,3.1,0.25,0.08,,,,54.5,,24.55,,745.08,,64.98,,11.01,3.08,0.07,1.14,14.32,7,0.32,0.6,4.6,0.9,55,,,,,,,,,,,,,Failed_QC,,Failed_QC,0.63,,7.07,,11.1,45.7,43.2,,30.89,,2.23,
61049,7,TOP,61049_7_TOP,0.71,,1.5,0.19,0.03,,,,96.2,,15.14,,424.83,,37.16,,18.98,2.58,0.16,1.53,15.54,1,1.47,0.3,2.5,0.6,4,,,,,,,,,,,,,Failed_QC,,Failed_QC,2.28,,8.5,,32,40.2,27.9,,7.83,,3.91,
61049,7,BTM,61049_7_BTM,0.74,,1.65,0.16,0.03,,,,,,10.52,,715.79,,46.3,,21.52,3.86,0.21,2.43,15.33,2,1.85,0.1,2.4,0.6,4,,,,,,,,,,,,,Failed_QC,,Failed_QC,0.4,,8.64,,,,,,11.21,,4.28,
61049,8,TOP,61049_8_TOP,0.67,,1.74,0.13,0.01,,,,20.2,,11.15,,245.4,,15.23,,1.46,0.4,0.05,0.14,7.54,4,0.11,1,11.5,0.1,54,,,,,,,,,,,,,Failed_QC,,Failed_QC,0.25,,5.79,,64,22.2,13.8,,18.49,,1.31,
61049,8,BTM,61049_8_BTM,1.85,,0.5,0.11,0.01,,,,14.7,,13.93,,235.51,,14.58,,1.18,0.84,0.06,0.16,7.72,27,0.16,0.2,0.6,0.2,5,,,,,,,,,,,,,Failed_QC,,Failed_QC,,Failed_QC,5.75,,44.3,20,35.8,,2.54,,0.16,
61049,9,TOP,61049_9_TOP,0.87,,4.01,0.42,0.03,,,,176,,32.48,,585.22,,54.98,,6.87,1.96,0.06,1.27,12.33,8,0.09,4.3,27.5,0.9,55,,,,,,,,,,,,,Failed_QC,,Failed_QC,3.35,,6.62,,6.4,43.8,49.8,,18.15,,3.5,
61049,9,BTM,61049_9_BTM,1.55,,0.61,0.14,0.01,,,,16.3,,21.7,,228.99,,20.5,,3.44,0.91,0.05,0.52,13.08,33,0.09,0.4,17.7,0.2,25,,,,,,,,,,,,,Failed_QC,,Failed_QC,0.34,,6.39,,,,,,11.92,,0.69,
